{
  "__type__": "cc.SpriteFrame",
  "content": {
    "name": "exit bright 100",
    "atlas": "",
    "rect": {
      "x": 7,
      "y": 3,
      "width": 46,
      "height": 46
    },
    "offset": {
      "x": 0,
      "y": 0
    },
    "originalSize": {
      "width": 60,
      "height": 52
    },
    "rotated": false,
    "capInsets": [
      0,
      0,
      0,
      0
    ],
    "vertices": {
      "rawPosition": [
        -23,
        -23,
        0,
        23,
        -23,
        0,
        -23,
        23,
        0,
        23,
        23,
        0
      ],
      "indexes": [
        0,
        1,
        2,
        2,
        1,
        3
      ],
      "uv": [
        7,
        49,
        53,
        49,
        7,
        3,
        53,
        3
      ],
      "nuv": [
        0.11666666666666667,
        0.057692307692307696,
        0.8833333333333333,
        0.057692307692307696,
        0.11666666666666667,
        0.9423076923076923,
        0.8833333333333333,
        0.9423076923076923
      ],
      "minPos": {
        "x": -23,
        "y": -23,
        "z": 0
      },
      "maxPos": {
        "x": 23,
        "y": 23,
        "z": 0
      }
    },
    "texture": "a87e6135-317b-4d0c-8582-59ffcffdc92b@6c48a",
    "packable": true,
    "pixelsToUnit": 100,
    "pivot": {
      "x": 0.5,
      "y": 0.5
    },
    "meshType": 0
  }
}