{
  "__type__": "cc.SpriteFrame",
  "content": {
    "name": "divisorys",
    "atlas": "",
    "rect": {
      "x": 45,
      "y": 35,
      "width": 1831,
      "height": 1011
    },
    "offset": {
      "x": 0.5,
      "y": -0.5
    },
    "originalSize": {
      "width": 1920,
      "height": 1080
    },
    "rotated": false,
    "capInsets": [
      0,
      0,
      0,
      0
    ],
    "vertices": {
      "rawPosition": [
        -915.5,
        -505.5,
        0,
        915.5,
        -505.5,
        0,
        -915.5,
        505.5,
        0,
        915.5,
        505.5,
        0
      ],
      "indexes": [
        0,
        1,
        2,
        2,
        1,
        3
      ],
      "uv": [
        45,
        1045,
        1876,
        1045,
        45,
        34,
        1876,
        34
      ],
      "nuv": [
        0.0234375,
        0.03148148148148148,
        0.9770833333333333,
        0.03148148148148148,
        0.0234375,
        0.9675925925925926,
        0.9770833333333333,
        0.9675925925925926
      ],
      "minPos": {
        "x": -915.5,
        "y": -505.5,
        "z": 0
      },
      "maxPos": {
        "x": 915.5,
        "y": 505.5,
        "z": 0
      }
    },
    "texture": "3cbf6947-65b9-4e56-950f-e1e09ccf0995@6c48a",
    "packable": true,
    "pixelsToUnit": 100,
    "pivot": {
      "x": 0.5,
      "y": 0.5
    },
    "meshType": 0
  }
}