{
  "__type__": "cc.SpriteFrame",
  "content": {
    "name": "big screen - options",
    "atlas": "",
    "rect": {
      "x": 1,
      "y": 1,
      "width": 1831,
      "height": 1011
    },
    "offset": {
      "x": 0.5,
      "y": -0.5
    },
    "originalSize": {
      "width": 1832,
      "height": 1012
    },
    "rotated": false,
    "capInsets": [
      0,
      0,
      0,
      0
    ],
    "vertices": {
      "rawPosition": [
        -915.5,
        -505.5,
        0,
        915.5,
        -505.5,
        0,
        -915.5,
        505.5,
        0,
        915.5,
        505.5,
        0
      ],
      "indexes": [
        0,
        1,
        2,
        2,
        1,
        3
      ],
      "uv": [
        1,
        1011,
        1832,
        1011,
        1,
        0,
        1832,
        0
      ],
      "nuv": [
        0.0005458515283842794,
        0,
        1,
        0,
        0.0005458515283842794,
        0.9990118577075099,
        1,
        0.9990118577075099
      ],
      "minPos": {
        "x": -915.5,
        "y": -505.5,
        "z": 0
      },
      "maxPos": {
        "x": 915.5,
        "y": 505.5,
        "z": 0
      }
    },
    "texture": "7a9b15cb-0a6b-4ee1-80e6-9b8e0b6c73b3@6c48a",
    "packable": true,
    "pixelsToUnit": 100,
    "pivot": {
      "x": 0.5,
      "y": 0.5
    },
    "meshType": 0
  }
}