{
  "__type__": "cc.SpriteFrame",
  "content": {
    "name": "save bright 100",
    "atlas": "",
    "rect": {
      "x": 7,
      "y": 1,
      "width": 48,
      "height": 51
    },
    "offset": {
      "x": 1,
      "y": -0.5
    },
    "originalSize": {
      "width": 60,
      "height": 52
    },
    "rotated": false,
    "capInsets": [
      0,
      0,
      0,
      0
    ],
    "vertices": {
      "rawPosition": [
        -24,
        -25.5,
        0,
        24,
        -25.5,
        0,
        -24,
        25.5,
        0,
        24,
        25.5,
        0
      ],
      "indexes": [
        0,
        1,
        2,
        2,
        1,
        3
      ],
      "uv": [
        7,
        51,
        55,
        51,
        7,
        0,
        55,
        0
      ],
      "nuv": [
        0.11666666666666667,
        0,
        0.9166666666666666,
        0,
        0.11666666666666667,
        0.9807692307692307,
        0.9166666666666666,
        0.9807692307692307
      ],
      "minPos": {
        "x": -24,
        "y": -25.5,
        "z": 0
      },
      "maxPos": {
        "x": 24,
        "y": 25.5,
        "z": 0
      }
    },
    "texture": "0a6db6e9-b9b1-46f0-bdbe-e69702ebde5d@6c48a",
    "packable": true,
    "pixelsToUnit": 100,
    "pivot": {
      "x": 0.5,
      "y": 0.5
    },
    "meshType": 0
  }
}