{
  "gizmos-infos": {
    "is2D": true,
    "is3DIcon": false,
    "iconSize": 2,
    "gridVisible": true,
    "gridColor": [
      166,
      166,
      166,
      255
    ],
    "transformToolName": "position",
    "pivot": "pivot",
    "coordinate": "local",
    "toolsVisibility3d": true
  },
  "__version__": "1.0.0",
  "builder": {},
  "": {
    "sculpt_brush_rotate": 0
  },
  "snap-configs": {
    "position": {
      "x": 1,
      "y": 1,
      "z": 1
    },
    "rotation": 1,
    "scale": 1,
    "isPositionSnapEnabled": false,
    "isRotationSnapEnabled": false,
    "isScaleSnapEnabled": false
  },
  "rect-snap-configs": {
    "enableSnapping": true,
    "snapThreshold": 4
  },
  "camera-infos": {
    "f192612f-1b28-411f-9573-dfcdbd69841a": {
      "position": {
        "x": 528.0139319909065,
        "y": 1115.034918510494,
        "z": 5000
      },
      "rotation": {
        "x": 0,
        "y": 0,
        "z": 0,
        "w": 1
      },
      "viewCenter": {
        "x": 0,
        "y": 0,
        "z": 0
      },
      "contentRect": {
        "x": 25.90621210475729,
        "y": 222.39897204622872,
        "width": 220.5,
        "height": 392
      },
      "scale": 0.21957439735242215
    },
    "a63616f9-1344-4a3f-86c9-8bd4a8b89da9": {
      "position": {
        "x": 387.0085563565973,
        "y": 1193.6032935712735,
        "z": 5000
      },
      "rotation": {
        "x": 0,
        "y": 0,
        "z": 0,
        "w": 1
      },
      "viewCenter": {
        "x": 0,
        "y": 0,
        "z": 0
      },
      "contentRect": {
        "x": -341.508374280441,
        "y": 902.1965213164582,
        "width": 300,
        "height": 120
      },
      "scale": 0.2058977543168904
    },
    "2e905287-988b-4bcf-a2ef-b7afd6f8ec02": {
      "position": {
        "x": 287.42689794615933,
        "y": 1167.6731034094598,
        "z": 5000
      },
      "rotation": {
        "x": 0,
        "y": 0,
        "z": 0,
        "w": 1
      },
      "viewCenter": {
        "x": 0,
        "y": 0,
        "z": 0
      },
      "contentRect": {
        "x": -84.75030730333738,
        "y": 916.8133297053791,
        "width": 181,
        "height": 122
      },
      "scale": 0.2431637368530709
    },
    "6843d3d0-cffe-4c2e-bb86-df96e22f8bed": {
      "position": {
        "x": 547.0697664846607,
        "y": 1635.412105091682,
        "z": 5000
      },
      "rotation": {
        "x": 0,
        "y": 0,
        "z": 0,
        "w": 1
      },
      "viewCenter": {
        "x": 0,
        "y": 0,
        "z": 0
      },
      "contentRect": {
        "x": 121.91240837002366,
        "y": 879.5768017767717,
        "width": 220.5,
        "height": 392
      },
      "scale": 0.2593157519110202
    },
    "c77ecaa8-c936-46c4-a5b0-98692673ed87": {
      "position": {
        "x": 517.2,
        "y": 908.5000000000001,
        "z": 5000
      },
      "rotation": {
        "x": 0,
        "y": 0,
        "z": 0,
        "w": 1
      },
      "viewCenter": {
        "x": 0,
        "y": 0,
        "z": 0
      },
      "contentRect": {
        "x": 94.09375,
        "y": 0,
        "width": 387.32975871313675,
        "height": 363
      },
      "scale": 0.9731903485254693
    },
    "75992987-f6bf-4bf5-8d26-682c9a607889": {
      "position": {
        "x": 540,
        "y": 960,
        "z": 5000
      },
      "rotation": {
        "x": 0,
        "y": 0,
        "z": 0,
        "w": 1
      },
      "viewCenter": {
        "x": 0,
        "y": 0,
        "z": 0
      },
      "contentRect": {
        "x": 0,
        "y": 0,
        "width": 1070,
        "height": 1902.2222222222222
      },
      "scale": 0.9907407407407407
    }
  },
  "camera-uuids": [
    "f192612f-1b28-411f-9573-dfcdbd69841a",
    "a63616f9-1344-4a3f-86c9-8bd4a8b89da9",
    "2e905287-988b-4bcf-a2ef-b7afd6f8ec02",
    "6843d3d0-cffe-4c2e-bb86-df96e22f8bed",
    "c77ecaa8-c936-46c4-a5b0-98692673ed87",
    "75992987-f6bf-4bf5-8d26-682c9a607889"
  ],
  "camera": {
    "color": [
      48,
      48,
      48,
      255
    ],
    "fov": 45,
    "far": 10000,
    "near": 0.01,
    "wheelSpeed": 0.01,
    "wanderSpeed": 10,
    "enableAcceleration": true,
    "size": "__default_design__",
    "far2D": 10000,
    "near2D": 1,
    "wheelSpeed2D": 6,
    "iso": 0,
    "aperture": 19,
    "shutter": 7
  },
  "float-window": {
    "position": {
      "cc": {
        "Camera": {
          "dock": false,
          "top": null,
          "bottom": 10,
          "left": null,
          "right": 10
        }
      }
    }
  },
  "scene_view": {
    "isSceneLightOn": null,
    "output_device": "__default_design__"
  }
}
