{
  "gizmos-infos": {
    "is2D": true,
    "is3DIcon": false,
    "iconSize": 2,
    "gridVisible": true,
    "gridColor": [
      166,
      166,
      166,
      255
    ],
    "transformToolName": "position",
    "pivot": "pivot",
    "coordinate": "local",
    "toolsVisibility3d": true
  },
  "__version__": "1.0.0",
  "builder": {},
  "": {
    "sculpt_brush_rotate": 0
  },
  "snap-configs": {
    "position": {
      "x": 1,
      "y": 1,
      "z": 1
    },
    "rotation": 1,
    "scale": 1,
    "isPositionSnapEnabled": false,
    "isRotationSnapEnabled": false,
    "isScaleSnapEnabled": false
  },
  "rect-snap-configs": {
    "enableSnapping": true,
    "snapThreshold": 4
  },
  "camera-infos": {
    "f192612f-1b28-411f-9573-dfcdbd69841a": {
      "position": {
        "x": 528.0139319909065,
        "y": 1115.034918510494,
        "z": 5000
      },
      "rotation": {
        "x": 0,
        "y": 0,
        "z": 0,
        "w": 1
      },
      "viewCenter": {
        "x": 0,
        "y": 0,
        "z": 0
      },
      "contentRect": {
        "x": 25.90621210475729,
        "y": 222.39897204622872,
        "width": 220.5,
        "height": 392
      },
      "scale": 0.21957439735242215
    },
    "385f185a-8a74-4eaa-96e9-54ca23473de4": {
      "position": {
        "x": 540,
        "y": 960,
        "z": 5000
      },
      "rotation": {
        "x": 0,
        "y": 0,
        "z": 0,
        "w": 1
      },
      "viewCenter": {
        "x": 0,
        "y": 0,
        "z": 0
      },
      "contentRect": {
        "x": 0,
        "y": 0,
        "width": 221.625,
        "height": 394
      },
      "scale": 0.20520833333333333
    },
    "5d295644-b8e4-4a91-92af-7afa1f5fa507": {
      "position": {
        "x": 266.77918968310485,
        "y": 867.3486287912701,
        "z": 5000
      },
      "rotation": {
        "x": 0,
        "y": 0,
        "z": 0,
        "w": 1
      },
      "viewCenter": {
        "x": 0,
        "y": 0,
        "z": 0
      },
      "contentRect": {
        "x": 217.36372864705046,
        "y": 817.9331677552157,
        "width": 60,
        "height": 60
      },
      "scale": 0.6070974421975234
    },
    "2e905287-988b-4bcf-a2ef-b7afd6f8ec02": {
      "position": {
        "x": 408.6286712735845,
        "y": 614.1839360196541,
        "z": 5000
      },
      "rotation": {
        "x": 0,
        "y": 0,
        "z": 0,
        "w": 1
      },
      "viewCenter": {
        "x": 0,
        "y": 0,
        "z": 0
      },
      "contentRect": {
        "x": 326.2695695468268,
        "y": 531.8248342928964,
        "width": 181,
        "height": 122
      },
      "scale": 0.6070974421975208
    },
    "a63616f9-1344-4a3f-86c9-8bd4a8b89da9": {
      "position": {
        "x": 1171.0777280132645,
        "y": 923.2053100723609,
        "z": 5000
      },
      "rotation": {
        "x": 0,
        "y": 0,
        "z": 0,
        "w": 1
      },
      "viewCenter": {
        "x": 0,
        "y": 0,
        "z": 0
      },
      "contentRect": {
        "x": 296.8574112488182,
        "y": 739.6190435518274,
        "width": 300,
        "height": 120
      },
      "scale": 0.20589775431689034
    },
    "aa0cf0ef-9cf2-403f-b7ae-0a72b76f5dac": {
      "position": {
        "x": 575.8684557283211,
        "y": 985.0578692552285,
        "z": 5000
      },
      "rotation": {
        "x": 0,
        "y": 0,
        "z": 0,
        "w": 1
      },
      "viewCenter": {
        "x": 0,
        "y": 0,
        "z": 0
      },
      "contentRect": {
        "x": 274.2009284488214,
        "y": 448.7600429805621,
        "width": 221.625,
        "height": 394
      },
      "scale": 0.36733320619335486
    },
    "c77ecaa8-c936-46c4-a5b0-98692673ed87": {
      "position": {
        "x": 540,
        "y": 960.0000000000001,
        "z": 5000
      },
      "rotation": {
        "x": 0,
        "y": 0,
        "z": 0,
        "w": 1
      },
      "viewCenter": {
        "x": 0,
        "y": 0,
        "z": 0
      },
      "contentRect": {
        "x": 468.75,
        "y": 0,
        "width": 1485,
        "height": 990
      },
      "scale": 0.99
    },
    "6843d3d0-cffe-4c2e-bb86-df96e22f8bed": {
      "position": {
        "x": 336.49183691859173,
        "y": 990.0279919404474,
        "z": 5000
      },
      "rotation": {
        "x": 0,
        "y": 0,
        "z": 0,
        "w": 1
      },
      "viewCenter": {
        "x": 0,
        "y": 0,
        "z": 0
      },
      "contentRect": {
        "x": 307.3121884962229,
        "y": 960.8483435180785,
        "width": 30,
        "height": 30
      },
      "scale": 0.5140569133280307
    },
    "75992987-f6bf-4bf5-8d26-682c9a607889": {
      "position": {
        "x": 314.6648889879666,
        "y": 322.8211590377327,
        "z": 5000
      },
      "rotation": {
        "x": 0,
        "y": 0,
        "z": 0,
        "w": 1
      },
      "viewCenter": {
        "x": 0,
        "y": 0,
        "z": 0
      },
      "contentRect": {
        "x": -245.5843607215101,
        "y": -70.1314397168308,
        "width": 561.7425742574258,
        "height": 394
      },
      "scale": 0.5013327323050619
    }
  },
  "camera-uuids": [
    "f192612f-1b28-411f-9573-dfcdbd69841a",
    "385f185a-8a74-4eaa-96e9-54ca23473de4",
    "5d295644-b8e4-4a91-92af-7afa1f5fa507",
    "2e905287-988b-4bcf-a2ef-b7afd6f8ec02",
    "a63616f9-1344-4a3f-86c9-8bd4a8b89da9",
    "aa0cf0ef-9cf2-403f-b7ae-0a72b76f5dac",
    "c77ecaa8-c936-46c4-a5b0-98692673ed87",
    "6843d3d0-cffe-4c2e-bb86-df96e22f8bed",
    "75992987-f6bf-4bf5-8d26-682c9a607889"
  ],
  "camera": {
    "color": [
      48,
      48,
      48,
      255
    ],
    "fov": 45,
    "far": 10000,
    "near": 0.01,
    "wheelSpeed": 0.01,
    "wanderSpeed": 10,
    "enableAcceleration": true,
    "size": "__default_design__",
    "far2D": 10000,
    "near2D": 1,
    "wheelSpeed2D": 6,
    "iso": 0,
    "aperture": 19,
    "shutter": 7
  },
  "float-window": {
    "position": {
      "cc": {
        "Camera": {
          "dock": false,
          "top": null,
          "bottom": 10,
          "left": null,
          "right": 10
        }
      }
    }
  },
  "scene_view": {
    "isSceneLightOn": null,
    "output_device": "__default_design__"
  }
}
