{
  "__type__": "cc.SpriteFrame",
  "content": {
    "name": "tiny screen - controls audio resolution",
    "atlas": "",
    "rect": {
      "x": 1,
      "y": 0,
      "width": 277,
      "height": 74
    },
    "offset": {
      "x": 0.5,
      "y": 0
    },
    "originalSize": {
      "width": 278,
      "height": 74
    },
    "rotated": false,
    "capInsets": [
      0,
      0,
      0,
      0
    ],
    "vertices": {
      "rawPosition": [
        -138.5,
        -37,
        0,
        138.5,
        -37,
        0,
        -138.5,
        37,
        0,
        138.5,
        37,
        0
      ],
      "indexes": [
        0,
        1,
        2,
        2,
        1,
        3
      ],
      "uv": [
        1,
        74,
        278,
        74,
        1,
        0,
        278,
        0
      ],
      "nuv": [
        0.0035971223021582736,
        0,
        1,
        0,
        0.0035971223021582736,
        1,
        1,
        1
      ],
      "minPos": {
        "x": -138.5,
        "y": -37,
        "z": 0
      },
      "maxPos": {
        "x": 138.5,
        "y": 37,
        "z": 0
      }
    },
    "texture": "d0b3880b-5953-40f1-882d-16f568df854f@6c48a",
    "packable": true,
    "pixelsToUnit": 100,
    "pivot": {
      "x": 0.5,
      "y": 0.5
    },
    "meshType": 0
  }
}