{
  "__type__": "cc.SpriteFrame",
  "content": {
    "name": "home bright 100",
    "atlas": "",
    "rect": {
      "x": 1,
      "y": 1,
      "width": 59,
      "height": 50
    },
    "offset": {
      "x": 0.5,
      "y": 0
    },
    "originalSize": {
      "width": 60,
      "height": 52
    },
    "rotated": false,
    "capInsets": [
      0,
      0,
      0,
      0
    ],
    "vertices": {
      "rawPosition": [
        -29.5,
        -25,
        0,
        29.5,
        -25,
        0,
        -29.5,
        25,
        0,
        29.5,
        25,
        0
      ],
      "indexes": [
        0,
        1,
        2,
        2,
        1,
        3
      ],
      "uv": [
        1,
        51,
        60,
        51,
        1,
        1,
        60,
        1
      ],
      "nuv": [
        0.016666666666666666,
        0.019230769230769232,
        1,
        0.019230769230769232,
        0.016666666666666666,
        0.9807692307692307,
        1,
        0.9807692307692307
      ],
      "minPos": {
        "x": -29.5,
        "y": -25,
        "z": 0
      },
      "maxPos": {
        "x": 29.5,
        "y": 25,
        "z": 0
      }
    },
    "texture": "4bad5947-7cd0-4cc6-8b04-20c30403b669@6c48a",
    "packable": true,
    "pixelsToUnit": 100,
    "pivot": {
      "x": 0.5,
      "y": 0.5
    },
    "meshType": 0
  }
}