{
  "__type__": "cc.SpriteFrame",
  "content": {
    "name": "inventory",
    "atlas": "",
    "rect": {
      "x": 0,
      "y": 0,
      "width": 207,
      "height": 184
    },
    "offset": {
      "x": -0.5,
      "y": 0
    },
    "originalSize": {
      "width": 208,
      "height": 184
    },
    "rotated": false,
    "capInsets": [
      0,
      0,
      0,
      0
    ],
    "vertices": {
      "rawPosition": [
        -103.5,
        -92,
        0,
        103.5,
        -92,
        0,
        -103.5,
        92,
        0,
        103.5,
        92,
        0
      ],
      "indexes": [
        0,
        1,
        2,
        2,
        1,
        3
      ],
      "uv": [
        0,
        184,
        207,
        184,
        0,
        0,
        207,
        0
      ],
      "nuv": [
        0,
        0,
        0.9951923076923077,
        0,
        0,
        1,
        0.9951923076923077,
        1
      ],
      "minPos": {
        "x": -103.5,
        "y": -92,
        "z": 0
      },
      "maxPos": {
        "x": 103.5,
        "y": 92,
        "z": 0
      }
    },
    "texture": "23c87243-3742-4eaf-aa20-2217925e6d7e@6c48a",
    "packable": true,
    "pixelsToUnit": 100,
    "pivot": {
      "x": 0.5,
      "y": 0.5
    },
    "meshType": 0
  }
}